item,category
0,Italian
1,Mexican
2,Mexican
3,American (New)
4,Sandwiches
5,American (New)
6,Chinese
7,Italian
8,Mexican
9,Chinese
10,Sandwiches
11,Sandwiches
12,Chinese
13,Ice Cream & Frozen Yogurt
14,Coffee & Tea
15,American (New)
16,Sandwiches
17,Chinese
18,Mexican
19,Italian
20,Sandwiches
21,Mexican
22,Italian
23,Mexican
24,Chinese
25,Mexican
26,Coffee & Tea
27,Italian
28,Sandwiches
29,Mexican
30,Italian
31,Italian
32,American (New)
33,Coffee & Tea
34,Coffee & Tea
35,Coffee & Tea
36,Sandwiches
37,American (New)
38,Mexican
39,Chinese
40,Mexican
41,Italian
42,Sandwiches
43,American (New)
44,Mexican
45,Coffee & Tea
46,American (New)
47,Coffee & Tea
48,American (New)
49,Sandwiches
50,Coffee & Tea
51,Sandwiches
52,Mexican
53,Italian
54,Coffee & Tea
55,American (New)
56,American (New)
57,American (New)
58,Sandwiches
59,Mexican
60,Coffee & Tea
61,Chinese
62,Ice Cream & Frozen Yogurt
63,Sandwiches
64,Italian
65,Coffee & Tea
66,Mexican
67,American (New)
68,Sandwiches
69,Italian
70,Mexican
71,Ice Cream & Frozen Yogurt
72,Chinese
73,Coffee & Tea
74,Mexican
75,Italian
76,American (New)
77,Coffee & Tea
78,American (New)
79,Mexican
80,Italian
81,Italian
82,Coffee & Tea
83,Chinese
84,Coffee & Tea
85,Ice Cream & Frozen Yogurt
86,Coffee & Tea
87,Chinese
88,Chinese
89,Chinese
90,American (New)
91,Italian
92,Chinese
93,Italian
94,Sandwiches
95,Italian
96,Sandwiches
97,Italian
98,Mexican
99,Mexican
100,Italian
101,Mexican
102,American (New)
103,Coffee & Tea
104,American (New)
105,Coffee & Tea
106,Chinese
107,American (New)
108,Mexican
109,Coffee & Tea
110,Mexican
111,Sandwiches
112,Coffee & Tea
113,Chinese
114,Sandwiches
115,Mexican
116,Italian
117,Sandwiches
118,American (New)
119,Italian
120,Mexican
121,American (New)
122,Mexican
123,Ice Cream & Frozen Yogurt
124,American (New)
125,Sandwiches
126,Italian
127,Sandwiches
128,Coffee & Tea
129,Mexican
130,Sandwiches
131,Coffee & Tea
132,Italian
133,Sandwiches
134,Sandwiches
135,Coffee & Tea
136,Coffee & Tea
137,Mexican
138,Italian
139,Mexican
140,American (New)
141,American (New)
142,American (New)
143,American (New)
144,Chinese
145,Mexican
146,Ice Cream & Frozen Yogurt
147,American (New)
148,American (New)
149,Chinese
150,Chinese
151,Mexican
152,Coffee & Tea
153,Chinese
154,American (New)
155,Mexican
156,Mexican
157,American (New)
158,Sandwiches
159,Italian
160,American (New)
161,American (New)
162,Coffee & Tea
163,Coffee & Tea
164,Mexican
165,Ice Cream & Frozen Yogurt
166,Italian
167,American (New)
168,American (New)
169,Italian
170,Italian
171,Sandwiches
172,Mexican
173,Mexican
174,Chinese
175,Italian
176,Italian
177,Ice Cream & Frozen Yogurt
178,American (New)
179,Italian
180,Chinese
181,Sandwiches
182,American (New)
183,American (New)
184,American (New)
185,Mexican
186,Sandwiches
187,American (New)
188,Coffee & Tea
189,Coffee & Tea
190,Mexican
191,Chinese
192,American (New)
193,Coffee & Tea
194,Sandwiches
195,American (New)
196,American (New)
197,Chinese
198,American (New)
199,American (New)
200,Italian
201,Coffee & Tea
202,Italian
203,Sandwiches
204,Sandwiches
205,Mexican
206,American (New)
207,Mexican
208,Sandwiches
209,Sandwiches
210,Italian
211,Sandwiches
212,Mexican
213,Ice Cream & Frozen Yogurt
214,Mexican
215,Italian
216,Chinese
217,Coffee & Tea
218,Sandwiches
219,Coffee & Tea
220,Ice Cream & Frozen Yogurt
221,Sandwiches
222,Coffee & Tea
223,Mexican
224,Coffee & Tea
225,Coffee & Tea
226,American (New)
227,Mexican
228,Mexican
229,Chinese
230,American (New)
231,American (New)
232,Ice Cream & Frozen Yogurt
233,Chinese
234,Sandwiches
235,Chinese
236,Mexican
237,American (New)
238,Sandwiches
239,Mexican
240,American (New)
241,American (New)
242,Coffee & Tea
243,Mexican
244,Sandwiches
245,Sandwiches
246,Sandwiches
247,Mexican
248,Sandwiches
249,Chinese
250,Mexican
251,American (New)
252,Mexican
253,Mexican
254,Chinese
255,American (New)
256,Mexican
257,Mexican
258,Ice Cream & Frozen Yogurt
259,Chinese
260,Chinese
261,Coffee & Tea
262,American (New)
263,Ice Cream & Frozen Yogurt
264,Sandwiches
265,Mexican
266,Ice Cream & Frozen Yogurt
267,Coffee & Tea
268,Mexican
269,Italian
270,American (New)
271,Mexican
272,Mexican
273,American (New)
274,Sandwiches
275,Mexican
276,Mexican
277,Sandwiches
278,Sandwiches
279,Mexican
280,American (New)
281,Sandwiches
282,Ice Cream & Frozen Yogurt
283,Mexican
284,Mexican
285,American (New)
286,Chinese
287,American (New)
288,Coffee & Tea
289,American (New)
290,Chinese
291,Mexican
292,Chinese
293,Mexican
294,Sandwiches
295,Mexican
296,American (New)
297,Sandwiches
298,Sandwiches
299,Mexican
300,Ice Cream & Frozen Yogurt
301,American (New)
302,Ice Cream & Frozen Yogurt
303,Mexican
304,American (New)
305,Coffee & Tea
306,American (New)
307,American (New)
308,Ice Cream & Frozen Yogurt
309,Sandwiches
310,American (New)
311,American (New)
312,Coffee & Tea
313,American (New)
314,American (New)
315,American (New)
316,Mexican
317,Coffee & Tea
318,Italian
319,Chinese
320,Mexican
321,Coffee & Tea
322,Italian
323,American (New)
324,American (New)
325,Italian
326,American (New)
327,Italian
328,Mexican
329,Sandwiches
330,Sandwiches
331,Mexican
332,American (New)
333,American (New)
334,Chinese
335,Coffee & Tea
336,Mexican
337,American (New)
338,Ice Cream & Frozen Yogurt
339,Mexican
340,Ice Cream & Frozen Yogurt
341,Italian
342,Ice Cream & Frozen Yogurt
343,American (New)
344,Mexican
345,Ice Cream & Frozen Yogurt
346,Sandwiches
347,Sandwiches
348,American (New)
349,Chinese
350,Chinese
351,Coffee & Tea
352,Ice Cream & Frozen Yogurt
353,Mexican
354,Coffee & Tea
355,Mexican
356,Mexican
357,Chinese
358,Italian
359,Mexican
360,Mexican
361,Mexican
362,Italian
363,Sandwiches
364,Sandwiches
365,Italian
366,Coffee & Tea
367,Mexican
368,Ice Cream & Frozen Yogurt
369,Sandwiches
370,American (New)
371,Chinese
372,Chinese
373,Italian
374,Mexican
375,Mexican
376,American (New)
377,Ice Cream & Frozen Yogurt
378,Sandwiches
379,Chinese
380,Italian
381,Ice Cream & Frozen Yogurt
382,Sandwiches
383,Chinese
384,Ice Cream & Frozen Yogurt
385,Mexican
386,Sandwiches
387,Chinese
388,Mexican
389,Sandwiches
390,Coffee & Tea
391,Mexican
392,Mexican
393,Mexican
394,Coffee & Tea
395,Sandwiches
396,Sandwiches
397,Mexican
398,Ice Cream & Frozen Yogurt
399,Mexican
400,American (New)
401,Sandwiches
402,Coffee & Tea
403,Sandwiches
404,American (New)
405,Sandwiches
406,Ice Cream & Frozen Yogurt
407,American (New)
408,American (New)
409,American (New)
410,American (New)
411,Sandwiches
412,American (New)
413,Italian
414,Italian
415,Mexican
416,Sandwiches
417,Coffee & Tea
418,Ice Cream & Frozen Yogurt
419,Sandwiches
420,Coffee & Tea
421,Sandwiches
422,Sandwiches
423,Mexican
424,Mexican
425,Italian
426,American (New)
427,American (New)
428,Chinese
429,Sandwiches
430,Mexican
431,Mexican
432,Mexican
433,Mexican
434,Sandwiches
435,Italian
436,Mexican
437,Sandwiches
438,Sandwiches
439,Mexican
440,Coffee & Tea
441,American (New)
442,American (New)
443,Sandwiches
444,Sandwiches
445,Sandwiches
446,Mexican
447,Mexican
448,Italian
449,Coffee & Tea
450,Mexican
451,Ice Cream & Frozen Yogurt
452,Sandwiches
453,Chinese
454,American (New)
455,American (New)
456,Chinese
457,Coffee & Tea
458,Coffee & Tea
459,Mexican
460,Sandwiches
461,Mexican
462,American (New)
463,Sandwiches
464,Mexican
465,Mexican
466,Chinese
467,American (New)
468,Italian
469,Italian
470,Mexican
471,Italian
472,Chinese
473,Mexican
474,Sandwiches
475,Sandwiches
476,Sandwiches
477,American (New)
478,Sandwiches
479,Coffee & Tea
480,Sandwiches
481,Ice Cream & Frozen Yogurt
482,Coffee & Tea
483,Mexican
484,Mexican
485,American (New)
486,American (New)
487,Mexican
488,Sandwiches
489,Mexican
490,Ice Cream & Frozen Yogurt
491,Chinese
492,Ice Cream & Frozen Yogurt
493,American (New)
494,Chinese
495,Sandwiches
496,American (New)
497,American (New)
498,Mexican
499,Mexican
500,Sandwiches
501,American (New)
502,Chinese
503,Italian
504,Sandwiches
505,Mexican
506,Coffee & Tea
507,Mexican
508,Italian
509,American (New)
510,Ice Cream & Frozen Yogurt
511,Mexican
512,Chinese
513,Sandwiches
514,Coffee & Tea
515,Chinese
516,Italian
517,American (New)
518,Mexican
519,Mexican
520,Mexican
521,Sandwiches
522,Sandwiches
523,Coffee & Tea
524,Sandwiches
525,Mexican
526,Sandwiches
527,American (New)
528,Ice Cream & Frozen Yogurt
529,Italian
530,Chinese
531,Mexican
532,Ice Cream & Frozen Yogurt
533,American (New)
534,Coffee & Tea
535,American (New)
536,American (New)
537,Coffee & Tea
538,Mexican
539,American (New)
540,American (New)
541,American (New)
542,American (New)
543,Mexican
544,Sandwiches
545,Sandwiches
546,Italian
547,American (New)
548,Chinese
549,Italian
550,Chinese
551,Mexican
552,Sandwiches
553,Coffee & Tea
554,Coffee & Tea
555,Sandwiches
556,Mexican
557,Sandwiches
558,American (New)
559,Coffee & Tea
560,Mexican
561,Mexican
562,Italian
563,American (New)
564,American (New)
565,Mexican
566,Coffee & Tea
567,Mexican
568,Coffee & Tea
569,Mexican
570,Sandwiches
571,Ice Cream & Frozen Yogurt
572,Italian
573,American (New)
574,Sandwiches
575,Mexican
576,Chinese
577,Mexican
578,Italian
579,Italian
580,Sandwiches
581,Italian
582,Mexican
583,American (New)
584,Sandwiches
585,Italian
586,Coffee & Tea
587,Chinese
588,Mexican
589,Mexican
590,Mexican
591,Sandwiches
592,Mexican
593,American (New)
594,Mexican
595,Sandwiches
596,Chinese
597,Mexican
598,Ice Cream & Frozen Yogurt
599,Coffee & Tea
600,Sandwiches
601,Italian
602,Coffee & Tea
603,Coffee & Tea
604,Italian
605,Sandwiches
606,American (New)
607,Coffee & Tea
608,Mexican
609,Chinese
610,Italian
611,Coffee & Tea
612,Italian
613,Italian
614,American (New)
615,American (New)
616,Coffee & Tea
617,Sandwiches
618,Sandwiches
619,American (New)
620,Italian
621,American (New)
622,American (New)
623,Sandwiches
624,Coffee & Tea
625,Mexican
626,Sandwiches
627,Mexican
628,Mexican
629,American (New)
630,Coffee & Tea
631,Mexican
632,Mexican
633,Mexican
634,Mexican
635,Mexican
636,Mexican
637,Mexican
638,Mexican
639,American (New)
640,Chinese
641,American (New)
642,Sandwiches
643,Chinese
644,Mexican
645,Chinese
646,American (New)
647,Coffee & Tea
648,Chinese
649,Sandwiches
650,Sandwiches
651,Sandwiches
652,Chinese
653,Italian
654,Sandwiches
655,Chinese
656,Chinese
657,Coffee & Tea
658,American (New)
659,American (New)
660,Mexican
661,Coffee & Tea
662,Italian
663,American (New)
664,Italian
665,Mexican
666,American (New)
667,Coffee & Tea
668,Mexican
669,American (New)
670,Mexican
671,Coffee & Tea
672,Mexican
673,Chinese
674,American (New)
675,Mexican
676,American (New)
677,Ice Cream & Frozen Yogurt
678,Sandwiches
679,American (New)
680,Sandwiches
681,Ice Cream & Frozen Yogurt
682,Italian
683,Sandwiches
684,Coffee & Tea
685,American (New)
686,Italian
687,Coffee & Tea
688,Sandwiches
689,American (New)
690,American (New)
691,Italian
692,Chinese
693,Italian
694,American (New)
695,Italian
696,Italian
697,American (New)
698,Mexican
699,Mexican
700,Chinese
701,Sandwiches
702,Sandwiches
703,American (New)
704,Ice Cream & Frozen Yogurt
705,Ice Cream & Frozen Yogurt
706,Mexican
707,Coffee & Tea
708,Chinese
709,Mexican
710,Ice Cream & Frozen Yogurt
711,Ice Cream & Frozen Yogurt
712,Italian
713,Mexican
714,American (New)
715,Sandwiches
716,Coffee & Tea
717,Mexican
718,American (New)
719,American (New)
720,Sandwiches
721,Mexican
722,American (New)
723,Italian
724,Mexican
725,Mexican
726,American (New)
727,Ice Cream & Frozen Yogurt
728,Coffee & Tea
729,American (New)
730,Mexican
731,Italian
732,Mexican
733,Sandwiches
734,Ice Cream & Frozen Yogurt
735,Italian
736,Mexican
737,Coffee & Tea
738,Mexican
739,Mexican
740,Mexican
741,Mexican
742,Mexican
743,Sandwiches
744,American (New)
745,Italian
746,Coffee & Tea
747,American (New)
748,Mexican
749,American (New)
750,Sandwiches
751,Italian
752,Italian
753,Sandwiches
754,American (New)
755,Mexican
756,Italian
757,Ice Cream & Frozen Yogurt
758,Coffee & Tea
759,Chinese
760,Mexican
761,Sandwiches
762,Coffee & Tea
763,American (New)
764,Italian
765,American (New)
766,American (New)
767,Sandwiches
768,Chinese
769,Sandwiches
770,Italian
771,American (New)
772,American (New)
773,Sandwiches
774,Chinese
775,Coffee & Tea
776,Sandwiches
777,Coffee & Tea
778,Sandwiches
779,Chinese
780,Mexican
781,American (New)
782,Sandwiches
783,Sandwiches
784,Sandwiches
785,Chinese
786,Coffee & Tea
787,Italian
788,Chinese
789,Mexican
790,Mexican
791,Sandwiches
792,Mexican
793,Sandwiches
794,Ice Cream & Frozen Yogurt
795,American (New)
796,Mexican
797,Ice Cream & Frozen Yogurt
798,Chinese
799,Mexican
800,Mexican
801,Sandwiches
802,American (New)
803,Mexican
804,American (New)
805,Sandwiches
806,Sandwiches
807,Italian
808,Chinese
809,Chinese
810,Mexican
811,Mexican
812,Coffee & Tea
813,Coffee & Tea
814,Mexican
815,Italian
816,Mexican
817,Ice Cream & Frozen Yogurt
818,Chinese
819,Coffee & Tea
820,Italian
821,Sandwiches
822,American (New)
823,American (New)
824,American (New)
825,Ice Cream & Frozen Yogurt
826,Chinese
827,Sandwiches
828,Coffee & Tea
829,Sandwiches
830,Mexican
831,Italian
832,Chinese
833,Coffee & Tea
834,Mexican
835,Italian
836,Italian
837,Coffee & Tea
838,Mexican
839,Italian
840,American (New)
841,Italian
842,Mexican
843,Mexican
844,American (New)
845,American (New)
846,American (New)
847,Mexican
848,Sandwiches
849,American (New)
850,Sandwiches
851,Coffee & Tea
852,Mexican
853,Sandwiches
854,American (New)
855,Italian
856,Mexican
857,Chinese
858,Mexican
859,Mexican
860,Chinese
861,American (New)
862,Ice Cream & Frozen Yogurt
863,Sandwiches
864,Mexican
865,Chinese
866,Italian
867,American (New)
868,Mexican
869,Italian
870,Mexican
871,Mexican
872,Chinese
873,Mexican
874,American (New)
875,Italian
876,Chinese
877,Mexican
878,Sandwiches
879,Coffee & Tea
880,Mexican
881,Mexican
882,Mexican
883,Coffee & Tea
884,Coffee & Tea
885,American (New)
886,Ice Cream & Frozen Yogurt
887,Italian
888,Mexican
889,Chinese
890,Chinese
891,Ice Cream & Frozen Yogurt
892,Sandwiches
893,Chinese
894,Mexican
895,Italian
896,American (New)
897,Italian
898,Chinese
899,Chinese
900,Italian
901,Sandwiches
902,Coffee & Tea
903,Chinese
904,Coffee & Tea
905,Coffee & Tea
906,Ice Cream & Frozen Yogurt
907,Mexican
908,Sandwiches
909,Mexican
910,American (New)
911,Mexican
912,American (New)
913,Coffee & Tea
914,Coffee & Tea
915,American (New)
916,American (New)
917,Mexican
918,American (New)
919,Chinese
920,Mexican
921,Chinese
922,Ice Cream & Frozen Yogurt
923,American (New)
924,Mexican
925,Coffee & Tea
926,Mexican
927,Sandwiches
928,Ice Cream & Frozen Yogurt
929,Coffee & Tea
930,American (New)
931,Coffee & Tea
932,Mexican
933,Sandwiches
934,Mexican
935,Coffee & Tea
936,Chinese
937,American (New)
938,Mexican
939,Italian
940,Mexican
941,American (New)
942,Mexican
943,Italian
944,Coffee & Tea
945,Chinese
946,American (New)
947,Chinese
948,Mexican
949,Sandwiches
950,Italian
951,Mexican
952,Coffee & Tea
953,Mexican
954,Italian
955,American (New)
956,Sandwiches
957,Chinese
958,Mexican
959,Mexican
960,American (New)
961,Ice Cream & Frozen Yogurt
962,Chinese
963,American (New)
964,American (New)
965,Coffee & Tea
966,American (New)
967,Sandwiches
968,Chinese
969,American (New)
970,Italian
971,American (New)
972,Coffee & Tea
973,Coffee & Tea
974,Chinese
975,Coffee & Tea
976,Sandwiches
977,American (New)
978,Coffee & Tea
979,Italian
980,American (New)
981,Italian
982,Chinese
983,Sandwiches
984,American (New)
985,Ice Cream & Frozen Yogurt
986,American (New)
987,Chinese
988,American (New)
989,Chinese
990,Italian
991,Sandwiches
992,Chinese
993,American (New)
994,Sandwiches
995,Coffee & Tea
996,Mexican
997,Italian
998,Ice Cream & Frozen Yogurt
999,Sandwiches
1000,Ice Cream & Frozen Yogurt
1001,Mexican
1002,Sandwiches
1003,Chinese
1004,Chinese
1005,Mexican
1006,American (New)
1007,Mexican
1008,American (New)
1009,Sandwiches
1010,American (New)
1011,Ice Cream & Frozen Yogurt
1012,Mexican
1013,Ice Cream & Frozen Yogurt
1014,Italian
1015,American (New)
1016,Coffee & Tea
1017,American (New)
1018,American (New)
1019,Sandwiches
1020,Mexican
1021,Chinese
1022,Mexican
1023,Chinese
1024,Mexican
1025,Chinese
1026,Coffee & Tea
1027,Mexican
1028,Sandwiches
1029,American (New)
1030,Coffee & Tea
1031,Chinese
1032,Sandwiches
1033,Chinese
1034,Mexican
1035,Chinese
1036,Sandwiches
1037,American (New)
1038,Ice Cream & Frozen Yogurt
1039,American (New)
1040,American (New)
1041,Mexican
1042,Ice Cream & Frozen Yogurt
1043,Sandwiches
1044,Mexican
1045,American (New)
1046,Mexican
1047,Sandwiches
1048,Mexican
1049,Sandwiches
1050,Coffee & Tea
1051,Coffee & Tea
1052,Sandwiches
1053,Coffee & Tea
1054,Italian
1055,American (New)
1056,American (New)
1057,Mexican
1058,Chinese
1059,American (New)
1060,Italian
1061,Chinese
1062,Chinese
1063,American (New)
1064,American (New)
1065,Mexican
1066,Chinese
1067,Coffee & Tea
1068,Mexican
1069,Coffee & Tea
1070,Sandwiches
1071,Mexican
1072,Ice Cream & Frozen Yogurt
1073,Mexican
1074,American (New)
1075,Mexican
1076,Mexican
1077,Mexican
1078,Mexican
1079,Mexican
1080,Mexican
1081,Chinese
1082,Sandwiches
1083,Ice Cream & Frozen Yogurt
1084,Ice Cream & Frozen Yogurt
1085,Chinese
1086,Italian
1087,Mexican
1088,American (New)
1089,Sandwiches
1090,American (New)
1091,American (New)
1092,Mexican
1093,Mexican
1094,Italian
1095,American (New)
1096,American (New)
1097,American (New)
1098,Sandwiches
1099,Chinese
1100,Ice Cream & Frozen Yogurt
1101,Mexican
1102,Sandwiches
1103,Sandwiches
1104,Coffee & Tea
1105,Sandwiches
1106,Sandwiches
1107,American (New)
1108,Sandwiches
1109,Coffee & Tea
1110,Ice Cream & Frozen Yogurt
1111,Sandwiches
1112,American (New)
1113,Italian
1114,American (New)
1115,Mexican
1116,Mexican
1117,Italian
1118,Mexican
1119,Sandwiches
1120,Sandwiches
1121,Mexican
1122,Coffee & Tea
1123,Italian
1124,American (New)
1125,Italian
1126,Sandwiches
1127,Sandwiches
1128,Mexican
1129,Sandwiches
1130,American (New)
1131,Ice Cream & Frozen Yogurt
1132,Sandwiches
1133,Coffee & Tea
1134,American (New)
1135,Ice Cream & Frozen Yogurt
1136,Mexican
1137,American (New)
1138,Ice Cream & Frozen Yogurt
1139,Coffee & Tea
1140,Mexican
1141,American (New)
1142,Mexican
1143,American (New)
1144,American (New)
1145,Chinese
1146,Mexican
1147,Chinese
1148,Coffee & Tea
1149,Coffee & Tea
1150,American (New)
1151,Coffee & Tea
1152,Mexican
1153,Mexican
1154,American (New)
1155,American (New)
1156,Coffee & Tea
1157,Ice Cream & Frozen Yogurt
1158,Mexican
1159,American (New)
1160,Coffee & Tea
1161,American (New)
1162,American (New)
1163,Italian
1164,Coffee & Tea
1165,American (New)
1166,Mexican
1167,Sandwiches
1168,American (New)
1169,Sandwiches
1170,Mexican
1171,Sandwiches
1172,Italian
1173,Mexican
1174,Italian
1175,Mexican
1176,American (New)
1177,Sandwiches
1178,Ice Cream & Frozen Yogurt
1179,Mexican
1180,Chinese
1181,Mexican
1182,Chinese
1183,Sandwiches
1184,American (New)
1185,Sandwiches
1186,Ice Cream & Frozen Yogurt
1187,Chinese
1188,Coffee & Tea
1189,Italian
1190,Italian
1191,Italian
1192,Chinese
1193,Ice Cream & Frozen Yogurt
1194,Coffee & Tea
1195,Coffee & Tea
1196,Italian
1197,Italian
1198,Coffee & Tea
1199,Ice Cream & Frozen Yogurt
1200,Italian
1201,Chinese
1202,Coffee & Tea
1203,Mexican
1204,Coffee & Tea
1205,Mexican
1206,Mexican
1207,American (New)
1208,Coffee & Tea
1209,Mexican
1210,Mexican
1211,American (New)
1212,Mexican
1213,Coffee & Tea
1214,Chinese
1215,Mexican
1216,Coffee & Tea
1217,Italian
1218,Italian
1219,American (New)
1220,Ice Cream & Frozen Yogurt
1221,American (New)
1222,American (New)
1223,Mexican
1224,Italian
1225,Mexican
1226,Italian
1227,Ice Cream & Frozen Yogurt
1228,Sandwiches
1229,Sandwiches
1230,Mexican
1231,Coffee & Tea
1232,American (New)
1233,Sandwiches
1234,Sandwiches
1235,Ice Cream & Frozen Yogurt
1236,Mexican
1237,Sandwiches
1238,Sandwiches
1239,American (New)
1240,American (New)
1241,American (New)
1242,Sandwiches
1243,Mexican
1244,Mexican
1245,American (New)
1246,American (New)
1247,Italian
1248,Coffee & Tea
1249,Chinese
1250,Ice Cream & Frozen Yogurt
1251,Coffee & Tea
1252,Sandwiches
1253,American (New)
1254,American (New)
1255,Sandwiches
1256,Italian
1257,Italian
1258,Ice Cream & Frozen Yogurt
1259,Mexican
1260,Sandwiches
1261,Sandwiches
1262,Chinese
1263,Chinese
1264,Coffee & Tea
1265,American (New)
1266,Coffee & Tea
1267,Mexican
1268,Ice Cream & Frozen Yogurt
1269,Sandwiches
1270,Mexican
1271,Mexican
1272,Sandwiches
1273,Chinese
1274,American (New)
1275,Ice Cream & Frozen Yogurt
1276,Sandwiches
1277,Chinese
1278,Sandwiches
1279,Mexican
1280,Coffee & Tea
1281,Chinese
1282,Sandwiches
1283,Coffee & Tea
1284,Ice Cream & Frozen Yogurt
1285,Mexican
1286,Sandwiches
1287,American (New)
1288,Mexican
1289,Mexican
1290,American (New)
1291,Ice Cream & Frozen Yogurt
1292,Coffee & Tea
1293,Chinese
1294,Sandwiches
1295,Ice Cream & Frozen Yogurt
1296,Coffee & Tea
1297,Italian
1298,Sandwiches
1299,Mexican
1300,Sandwiches
1301,Mexican
1302,Mexican
1303,Coffee & Tea
1304,Coffee & Tea
1305,Ice Cream & Frozen Yogurt
1306,Chinese
1307,American (New)
1308,Sandwiches
1309,Chinese
1310,Mexican
1311,American (New)
1312,Mexican
1313,Mexican
1314,Mexican
1315,Italian
1316,Italian
1317,Sandwiches
1318,Ice Cream & Frozen Yogurt
1319,Italian
1320,Mexican
1321,Sandwiches
1322,American (New)
1323,Mexican
1324,Mexican
1325,Chinese
1326,Italian
1327,Sandwiches
1328,American (New)
1329,Mexican
1330,Mexican
1331,Sandwiches
1332,Chinese
1333,American (New)
1334,American (New)
1335,Chinese
1336,Mexican
1337,Coffee & Tea
1338,Mexican
1339,Coffee & Tea
1340,Chinese
1341,American (New)
1342,American (New)
1343,Mexican
1344,Sandwiches
1345,Mexican
1346,Sandwiches
1347,Sandwiches
1348,Chinese
1349,Ice Cream & Frozen Yogurt
1350,Ice Cream & Frozen Yogurt
1351,American (New)
1352,American (New)
1353,American (New)
1354,Mexican
1355,American (New)
1356,American (New)
1357,Mexican
1358,Mexican
1359,Mexican
1360,Italian
1361,Sandwiches
1362,Italian
1363,American (New)
1364,Chinese
1365,Italian
1366,Ice Cream & Frozen Yogurt
1367,Chinese
1368,Ice Cream & Frozen Yogurt
1369,Mexican
1370,Mexican
1371,American (New)
1372,Coffee & Tea
1373,Coffee & Tea
1374,Italian
1375,Italian
1376,American (New)
1377,Ice Cream & Frozen Yogurt
1378,American (New)
1379,Chinese
1380,Sandwiches
1381,Mexican
1382,Italian
1383,Chinese
1384,Ice Cream & Frozen Yogurt
1385,Sandwiches
1386,American (New)
1387,Coffee & Tea
1388,American (New)
1389,Coffee & Tea
1390,Ice Cream & Frozen Yogurt
1391,Coffee & Tea
1392,Sandwiches
1393,Sandwiches
1394,Mexican
1395,Mexican
1396,American (New)
1397,Sandwiches
1398,Ice Cream & Frozen Yogurt
1399,Chinese
1400,Mexican
1401,Coffee & Tea
1402,Chinese
1403,Coffee & Tea
1404,Chinese
1405,Coffee & Tea
1406,Coffee & Tea
1407,Italian
1408,American (New)
1409,Ice Cream & Frozen Yogurt
1410,Ice Cream & Frozen Yogurt
1411,Sandwiches
1412,Mexican
1413,Mexican
1414,Italian
1415,American (New)
1416,American (New)
1417,Sandwiches
1418,Coffee & Tea
1419,American (New)
1420,Mexican
1421,Mexican
1422,Sandwiches
1423,American (New)
1424,Coffee & Tea
1425,Mexican
1426,Italian
1427,Chinese
1428,American (New)
1429,Mexican
1430,Mexican
1431,Mexican
1432,Ice Cream & Frozen Yogurt
1433,Chinese
1434,Italian
1435,Italian
1436,Mexican
1437,Italian
1438,Mexican
1439,Mexican
1440,Italian
1441,Coffee & Tea
1442,American (New)
1443,Sandwiches
1444,Ice Cream & Frozen Yogurt
1445,Chinese
1446,Italian
1447,American (New)
1448,Coffee & Tea
1449,Mexican
1450,American (New)
1451,Mexican
1452,Coffee & Tea
1453,Ice Cream & Frozen Yogurt
1454,Coffee & Tea
1455,Mexican
1456,Chinese
1457,Italian
1458,Italian
1459,American (New)
1460,Chinese
1461,Mexican
1462,Sandwiches
1463,Mexican
1464,Sandwiches
1465,American (New)
1466,Sandwiches
1467,American (New)
1468,Mexican
1469,Italian
1470,Ice Cream & Frozen Yogurt
1471,Coffee & Tea
1472,Chinese
1473,Mexican
1474,Italian
1475,Mexican
1476,Ice Cream & Frozen Yogurt
1477,Sandwiches
1478,Mexican
1479,Sandwiches
1480,Coffee & Tea
1481,Coffee & Tea
1482,Chinese
1483,Mexican
1484,Chinese
1485,Coffee & Tea
1486,Mexican
1487,Coffee & Tea
1488,Mexican
1489,Coffee & Tea
1490,Sandwiches
1491,Coffee & Tea
1492,Sandwiches
1493,American (New)
1494,Sandwiches
1495,American (New)
1496,Chinese
1497,Sandwiches
1498,Mexican
1499,American (New)
1500,Sandwiches
1501,Sandwiches
1502,Sandwiches
1503,Coffee & Tea
1504,Chinese
1505,Mexican
1506,Mexican
1507,American (New)
1508,American (New)
1509,Coffee & Tea
1510,Chinese
1511,Sandwiches
1512,Sandwiches
1513,Sandwiches
1514,American (New)
1515,American (New)
1516,Sandwiches
1517,Sandwiches
1518,Coffee & Tea
1519,Ice Cream & Frozen Yogurt
1520,Sandwiches
1521,Italian
1522,Coffee & Tea
1523,Mexican
1524,Ice Cream & Frozen Yogurt
1525,American (New)
1526,Coffee & Tea
1527,Coffee & Tea
1528,Sandwiches
1529,American (New)
1530,Mexican
1531,Mexican
1532,Mexican
1533,Mexican
1534,Coffee & Tea
1535,Coffee & Tea
1536,Italian
1537,Ice Cream & Frozen Yogurt
1538,Mexican
1539,Italian
1540,American (New)
1541,American (New)
1542,Coffee & Tea
1543,Chinese
1544,Sandwiches
1545,Sandwiches
1546,American (New)
1547,American (New)
1548,Mexican
1549,Coffee & Tea
1550,Sandwiches
1551,American (New)
1552,Chinese
1553,Mexican
1554,Chinese
1555,Chinese
1556,Mexican
1557,American (New)
1558,American (New)
1559,Coffee & Tea
1560,Mexican
1561,Sandwiches
1562,Chinese
1563,Mexican
1564,Italian
1565,Mexican
1566,Mexican
1567,Sandwiches
1568,Italian
1569,Chinese
1570,Coffee & Tea
1571,Sandwiches
1572,American (New)
1573,American (New)
1574,Coffee & Tea
1575,Sandwiches
1576,Chinese
1577,Mexican
1578,Chinese
1579,Italian
1580,American (New)
1581,Mexican
1582,Coffee & Tea
1583,Coffee & Tea
1584,Chinese
1585,Coffee & Tea
1586,American (New)
1587,Italian
1588,Mexican
1589,American (New)
1590,Italian
1591,American (New)
1592,Coffee & Tea
1593,Coffee & Tea
1594,Chinese
1595,American (New)
1596,Italian
1597,Mexican
1598,Coffee & Tea
1599,American (New)
1600,Italian
1601,Coffee & Tea
1602,American (New)
1603,Coffee & Tea
1604,Mexican
1605,American (New)
1606,Ice Cream & Frozen Yogurt
1607,American (New)
1608,American (New)
1609,Chinese
1610,Coffee & Tea
1611,Chinese
1612,American (New)
1613,Ice Cream & Frozen Yogurt
1614,Mexican
1615,Sandwiches
1616,Mexican
1617,Mexican
1618,Mexican
1619,American (New)
1620,American (New)
1621,American (New)
1622,Mexican
1623,Mexican
1624,American (New)
1625,Mexican
1626,Mexican
1627,Mexican
1628,Coffee & Tea
1629,Mexican
1630,Ice Cream & Frozen Yogurt
1631,Mexican
1632,Mexican
1633,Mexican
1634,American (New)
1635,Sandwiches
1636,American (New)
1637,Italian
1638,Chinese
1639,Chinese
1640,Chinese
1641,Chinese
1642,Mexican
1643,Coffee & Tea
1644,Coffee & Tea
1645,Coffee & Tea
1646,Sandwiches
1647,American (New)
1648,Mexican
1649,Sandwiches
1650,American (New)
1651,American (New)
1652,American (New)
1653,Italian
1654,Coffee & Tea
1655,Coffee & Tea
1656,American (New)
1657,American (New)
1658,Coffee & Tea
1659,Italian
1660,Ice Cream & Frozen Yogurt
1661,Mexican
1662,American (New)
1663,Coffee & Tea
1664,American (New)
1665,American (New)
1666,Italian
1667,Mexican
1668,Mexican
1669,Sandwiches
1670,Chinese
1671,Mexican
1672,Coffee & Tea
1673,Chinese
1674,Mexican
1675,Chinese
1676,Italian
1677,Italian
1678,American (New)
1679,American (New)
1680,American (New)
1681,Sandwiches
1682,Italian
1683,Sandwiches
1684,American (New)
1685,Italian
1686,Ice Cream & Frozen Yogurt
1687,Mexican
1688,Coffee & Tea
1689,Italian
1690,Sandwiches
1691,Italian
1692,Coffee & Tea
1693,Italian
1694,Coffee & Tea
1695,Sandwiches
1696,Chinese
1697,Sandwiches
1698,Mexican
1699,Mexican
1700,American (New)
1701,Mexican
1702,Ice Cream & Frozen Yogurt
1703,Mexican
1704,Ice Cream & Frozen Yogurt
1705,Sandwiches
1706,Italian
1707,Ice Cream & Frozen Yogurt
1708,Coffee & Tea
1709,American (New)
1710,Mexican
1711,Coffee & Tea
1712,Coffee & Tea
1713,Mexican
1714,Italian
1715,Mexican
1716,Italian
1717,Italian
1718,American (New)
1719,Sandwiches
1720,Sandwiches
1721,Sandwiches
1722,Chinese
1723,Mexican
1724,Italian
1725,Italian
1726,American (New)
1727,American (New)
1728,Mexican
1729,Mexican
1730,American (New)
1731,American (New)
1732,Mexican
1733,Mexican
1734,Mexican
1735,Mexican
1736,Coffee & Tea
1737,Chinese
1738,Mexican
1739,Chinese
1740,American (New)
1741,Chinese
1742,Chinese
1743,Coffee & Tea
1744,American (New)
1745,American (New)
1746,Mexican
1747,Sandwiches
1748,Chinese
1749,Italian
1750,Sandwiches
1751,Sandwiches
1752,Sandwiches
1753,Italian
1754,Ice Cream & Frozen Yogurt
1755,Chinese
1756,Mexican
1757,Mexican
1758,American (New)
1759,American (New)
1760,Italian
1761,Coffee & Tea
1762,Coffee & Tea
1763,Chinese
1764,Italian
1765,Ice Cream & Frozen Yogurt
1766,Italian
1767,Mexican
1768,American (New)
1769,American (New)
1770,Sandwiches
1771,American (New)
1772,Mexican
1773,Coffee & Tea
1774,Sandwiches
1775,Sandwiches
1776,Sandwiches
1777,Ice Cream & Frozen Yogurt
1778,Mexican
1779,Sandwiches
1780,American (New)
1781,Mexican
1782,Chinese
1783,Coffee & Tea
1784,Mexican
1785,Coffee & Tea
1786,American (New)
1787,American (New)
1788,American (New)
1789,Ice Cream & Frozen Yogurt
1790,Italian
1791,Italian
1792,Coffee & Tea
1793,Coffee & Tea
1794,American (New)
1795,Italian
1796,Mexican
1797,Mexican
1798,Chinese
1799,Italian
1800,Italian
1801,Mexican
1802,Italian
1803,American (New)
1804,Mexican
1805,Mexican
1806,Chinese
1807,Mexican
1808,American (New)
1809,Mexican
1810,Coffee & Tea
1811,American (New)
1812,Sandwiches
1813,American (New)
1814,Mexican
1815,Ice Cream & Frozen Yogurt
1816,Mexican
1817,Chinese
1818,Mexican
1819,Sandwiches
1820,American (New)
1821,Chinese
1822,Sandwiches
1823,Sandwiches
1824,Chinese
1825,Mexican
1826,Sandwiches
1827,Mexican
1828,Ice Cream & Frozen Yogurt
1829,Mexican
1830,Sandwiches
1831,American (New)
1832,American (New)
1833,Sandwiches
1834,Mexican
1835,Coffee & Tea
1836,Coffee & Tea
1837,Mexican
1838,Sandwiches
1839,Coffee & Tea
1840,Mexican
1841,Mexican
1842,Mexican
1843,American (New)
1844,American (New)
1845,Sandwiches
1846,Coffee & Tea
1847,Mexican
1848,Mexican
1849,Mexican
1850,Italian
1851,Mexican
1852,Ice Cream & Frozen Yogurt
1853,Ice Cream & Frozen Yogurt
1854,Chinese
1855,Ice Cream & Frozen Yogurt
1856,Mexican
1857,Mexican
1858,American (New)
1859,Italian
1860,Sandwiches
1861,Ice Cream & Frozen Yogurt
1862,Chinese
1863,Chinese
1864,American (New)
1865,Coffee & Tea
1866,Sandwiches
1867,Ice Cream & Frozen Yogurt
1868,Mexican
1869,Sandwiches
1870,Mexican
1871,Coffee & Tea
1872,Italian
1873,American (New)
1874,Chinese
1875,Italian
1876,Chinese
1877,Coffee & Tea
1878,American (New)
1879,Ice Cream & Frozen Yogurt
1880,American (New)
1881,Mexican
1882,Mexican
1883,Sandwiches
1884,Mexican
1885,Ice Cream & Frozen Yogurt
1886,Chinese
1887,Mexican
1888,Italian
1889,Coffee & Tea
1890,American (New)
1891,Sandwiches
1892,Italian
1893,American (New)
1894,Sandwiches
1895,American (New)
1896,Italian
1897,Mexican
1898,Ice Cream & Frozen Yogurt
1899,Coffee & Tea
1900,Mexican
1901,Coffee & Tea
1902,Mexican
1903,American (New)
1904,Italian
1905,Mexican
1906,Mexican
1907,American (New)
1908,Mexican
1909,Coffee & Tea
1910,Sandwiches
1911,Coffee & Tea
1912,Sandwiches
1913,Ice Cream & Frozen Yogurt
1914,American (New)
1915,Italian
1916,Mexican
1917,Sandwiches
1918,Mexican
1919,Sandwiches
1920,Chinese
1921,Chinese
1922,Chinese
1923,Sandwiches
1924,Ice Cream & Frozen Yogurt
1925,American (New)
1926,Chinese
1927,Mexican
1928,Sandwiches
1929,Ice Cream & Frozen Yogurt
1930,Coffee & Tea
1931,American (New)
1932,Sandwiches
1933,Italian
1934,Mexican
1935,Italian
1936,Ice Cream & Frozen Yogurt
1937,Mexican
1938,Italian
1939,Sandwiches
1940,Coffee & Tea
1941,American (New)
1942,Chinese
1943,Ice Cream & Frozen Yogurt
1944,Sandwiches
1945,Sandwiches
1946,Italian
1947,Mexican
1948,Sandwiches
1949,Italian
1950,Sandwiches
1951,American (New)
1952,Sandwiches
1953,Coffee & Tea
1954,Sandwiches
1955,Coffee & Tea
1956,Mexican
1957,Coffee & Tea
1958,Mexican
1959,Mexican
1960,American (New)
1961,Sandwiches
1962,American (New)
1963,Italian
1964,Mexican
1965,Sandwiches
1966,American (New)
1967,Sandwiches
1968,Chinese
1969,Sandwiches
1970,Mexican
1971,Mexican
1972,Chinese
1973,American (New)
1974,Coffee & Tea
1975,Mexican
1976,Chinese
1977,American (New)
1978,Chinese
1979,Ice Cream & Frozen Yogurt
1980,Coffee & Tea
1981,Mexican
1982,Mexican
1983,Sandwiches
1984,Ice Cream & Frozen Yogurt
1985,Ice Cream & Frozen Yogurt
1986,Mexican
1987,Mexican
1988,Sandwiches
1989,Sandwiches
1990,Sandwiches
1991,Mexican
1992,Mexican
1993,American (New)
1994,Sandwiches
1995,Ice Cream & Frozen Yogurt
1996,Sandwiches
1997,Mexican
1998,American (New)
1999,Coffee & Tea
2000,American (New)
2001,Mexican
2002,Mexican
2003,Mexican
2004,American (New)
2005,Mexican
2006,American (New)
2007,Chinese
2008,American (New)
2009,American (New)
2010,Sandwiches
2011,Mexican
2012,Coffee & Tea
2013,Coffee & Tea
2014,Mexican
2015,Mexican
2016,American (New)
2017,Italian
2018,Mexican
2019,Mexican
2020,Coffee & Tea
2021,Sandwiches
2022,Coffee & Tea
2023,Chinese
2024,Coffee & Tea
2025,Chinese
2026,Mexican
2027,Mexican
2028,Sandwiches
2029,Coffee & Tea
2030,Mexican
2031,Chinese
2032,Chinese
2033,American (New)
2034,American (New)
2035,Sandwiches
2036,Mexican
2037,Coffee & Tea
2038,Mexican
2039,Italian
2040,Mexican
2041,Coffee & Tea
2042,Sandwiches
2043,Mexican
2044,Mexican
2045,Sandwiches
2046,Mexican
2047,Italian
2048,American (New)
2049,American (New)
2050,Chinese
2051,Coffee & Tea
2052,Coffee & Tea
2053,American (New)
2054,Ice Cream & Frozen Yogurt
2055,Mexican
2056,Italian
2057,Chinese
2058,Sandwiches
2059,American (New)
2060,Sandwiches
2061,Ice Cream & Frozen Yogurt
2062,Chinese
2063,American (New)
2064,Chinese
2065,Coffee & Tea
2066,Chinese
2067,Sandwiches
2068,Mexican
2069,American (New)
2070,Mexican
2071,Sandwiches
2072,American (New)
2073,Mexican
2074,Mexican
2075,American (New)
2076,Italian
2077,Sandwiches
2078,Sandwiches
2079,Coffee & Tea
2080,Ice Cream & Frozen Yogurt
2081,Mexican
2082,Sandwiches
2083,Mexican
2084,Mexican
2085,Mexican
2086,American (New)
2087,Italian
2088,Mexican
2089,Ice Cream & Frozen Yogurt
2090,Mexican
2091,Sandwiches
2092,Coffee & Tea
2093,Coffee & Tea
2094,Sandwiches
2095,Sandwiches
2096,Mexican
2097,Sandwiches
2098,Mexican
2099,American (New)
2100,Italian
2101,Mexican
2102,Sandwiches
2103,Mexican
2104,Chinese
2105,Sandwiches
2106,Italian
2107,Sandwiches
2108,Sandwiches
2109,Chinese
2110,Mexican
2111,Chinese
2112,Ice Cream & Frozen Yogurt
2113,Mexican
2114,Mexican
2115,Chinese
2116,Mexican
2117,Chinese
2118,American (New)
2119,Coffee & Tea
2120,American (New)
2121,American (New)
2122,Mexican
2123,American (New)
2124,Italian
2125,American (New)
2126,Coffee & Tea
2127,Sandwiches
2128,American (New)
2129,Sandwiches
2130,Coffee & Tea
2131,Italian
2132,American (New)
2133,American (New)
2134,American (New)
2135,Mexican
2136,American (New)
2137,Sandwiches
2138,Mexican
2139,Chinese
2140,American (New)
2141,American (New)
2142,Sandwiches
2143,American (New)
2144,Mexican
2145,American (New)
2146,Mexican
2147,Chinese
2148,American (New)
2149,Italian
2150,Sandwiches
2151,Ice Cream & Frozen Yogurt
2152,Italian
2153,Italian
2154,Mexican
2155,Coffee & Tea
2156,Coffee & Tea
2157,American (New)
2158,American (New)
2159,American (New)
2160,Mexican
2161,Ice Cream & Frozen Yogurt
2162,American (New)
2163,Ice Cream & Frozen Yogurt
2164,Mexican
2165,Sandwiches
2166,Sandwiches
2167,Italian
2168,Italian
2169,Sandwiches
2170,Chinese
2171,Italian
2172,Sandwiches
2173,Coffee & Tea
2174,Sandwiches
2175,Coffee & Tea
2176,Coffee & Tea
2177,American (New)
2178,Coffee & Tea
2179,Mexican
2180,Coffee & Tea
2181,Italian
2182,American (New)
2183,Italian
2184,Coffee & Tea
2185,Ice Cream & Frozen Yogurt
2186,Italian
2187,American (New)
2188,Sandwiches
2189,Ice Cream & Frozen Yogurt
2190,Sandwiches
2191,Coffee & Tea
2192,Mexican
2193,Sandwiches
2194,Italian
2195,Sandwiches
2196,Sandwiches
2197,Ice Cream & Frozen Yogurt
2198,Mexican
2199,Coffee & Tea
2200,Mexican
2201,Mexican
2202,Sandwiches
2203,Sandwiches
2204,American (New)
2205,Mexican
2206,Italian
2207,Chinese
2208,Mexican
2209,Ice Cream & Frozen Yogurt
2210,Ice Cream & Frozen Yogurt
2211,Mexican
2212,Chinese
2213,Mexican
2214,Coffee & Tea
2215,Ice Cream & Frozen Yogurt
2216,Coffee & Tea
2217,Chinese
2218,American (New)
2219,Mexican
2220,Italian
2221,American (New)
2222,Mexican
2223,Coffee & Tea
2224,American (New)
2225,Sandwiches
2226,Coffee & Tea
2227,Italian
2228,Mexican
2229,Sandwiches
2230,Coffee & Tea
2231,Ice Cream & Frozen Yogurt
2232,American (New)
2233,Ice Cream & Frozen Yogurt
2234,Mexican
2235,Chinese
2236,Mexican
2237,Sandwiches
2238,Coffee & Tea
2239,Ice Cream & Frozen Yogurt
2240,Italian
2241,Chinese
2242,Mexican
2243,American (New)
2244,Chinese
2245,American (New)
2246,Coffee & Tea
2247,American (New)
2248,American (New)
2249,Coffee & Tea
2250,American (New)
2251,American (New)
2252,Ice Cream & Frozen Yogurt
2253,Sandwiches
2254,Coffee & Tea
2255,Mexican
2256,Ice Cream & Frozen Yogurt
2257,Italian
2258,Chinese
2259,American (New)
2260,Mexican
2261,American (New)
2262,American (New)
2263,Coffee & Tea
2264,Coffee & Tea
2265,American (New)
2266,American (New)
2267,Sandwiches
2268,American (New)
2269,Coffee & Tea
2270,Sandwiches
2271,Sandwiches
2272,Coffee & Tea
2273,Ice Cream & Frozen Yogurt
2274,Coffee & Tea
2275,American (New)
2276,Ice Cream & Frozen Yogurt
2277,Chinese
2278,Coffee & Tea
2279,Mexican
2280,Ice Cream & Frozen Yogurt
2281,Sandwiches
2282,American (New)
2283,Chinese
2284,Mexican
2285,Mexican
2286,Ice Cream & Frozen Yogurt
2287,Sandwiches
2288,Coffee & Tea
2289,Chinese
2290,Mexican
2291,American (New)
2292,Sandwiches
2293,Mexican
2294,Sandwiches
2295,Mexican
2296,Sandwiches
2297,American (New)
2298,Mexican
2299,Chinese
2300,Mexican
2301,Mexican
2302,Mexican
2303,Sandwiches
2304,Mexican
2305,Mexican
2306,American (New)
2307,Coffee & Tea
2308,Chinese
2309,Ice Cream & Frozen Yogurt
2310,American (New)
2311,American (New)
2312,Chinese
2313,Chinese
2314,Mexican
2315,American (New)
2316,Sandwiches
2317,Mexican
2318,Italian
2319,American (New)
2320,American (New)
2321,Mexican
2322,Mexican
2323,American (New)
2324,Coffee & Tea
2325,Italian
2326,Italian
2327,Italian
2328,Sandwiches
2329,Mexican
2330,Italian
2331,Mexican
2332,Italian
2333,Italian
2334,Sandwiches
2335,Sandwiches
2336,Coffee & Tea
2337,Coffee & Tea
2338,Chinese
2339,Mexican
2340,Sandwiches
2341,Mexican
2342,Sandwiches
2343,Mexican
2344,Coffee & Tea
2345,Italian
2346,Coffee & Tea
2347,Mexican
2348,American (New)
2349,Italian
2350,Sandwiches
2351,American (New)
2352,Mexican
2353,Chinese
2354,Mexican
2355,Italian
2356,Sandwiches
2357,Sandwiches
2358,Chinese
2359,Italian
2360,Sandwiches
2361,Sandwiches
2362,American (New)
2363,Ice Cream & Frozen Yogurt
2364,American (New)
2365,American (New)
2366,Sandwiches
2367,Sandwiches
2368,American (New)
2369,Chinese
2370,Chinese
2371,Italian
2372,Sandwiches
2373,Coffee & Tea
2374,Mexican
2375,Ice Cream & Frozen Yogurt
2376,Sandwiches
2377,Mexican
2378,Sandwiches
2379,Mexican
2380,Mexican
2381,Mexican
2382,Chinese
2383,Chinese
2384,Coffee & Tea
2385,Ice Cream & Frozen Yogurt
2386,Chinese
2387,Chinese
2388,Chinese
2389,Coffee & Tea
2390,Italian
2391,American (New)
2392,Chinese
2393,American (New)
2394,Mexican
2395,Coffee & Tea
2396,American (New)
2397,Italian
2398,Mexican
2399,American (New)
2400,Mexican
2401,Coffee & Tea
2402,American (New)
2403,Chinese
2404,Ice Cream & Frozen Yogurt
2405,Sandwiches
2406,Ice Cream & Frozen Yogurt
2407,Sandwiches
2408,Italian
2409,Mexican
2410,Sandwiches
2411,Chinese
2412,Mexican
2413,Sandwiches
2414,Sandwiches
2415,Mexican
2416,Chinese
2417,Sandwiches
2418,Sandwiches
2419,Italian
2420,Mexican
2421,American (New)
2422,Italian
2423,Italian
2424,Coffee & Tea
2425,Mexican
2426,Chinese
2427,Coffee & Tea
2428,Chinese
2429,Sandwiches
2430,Ice Cream & Frozen Yogurt
2431,Mexican
2432,Mexican
2433,Italian
2434,Italian
2435,Sandwiches
2436,Mexican
2437,Chinese
2438,Chinese
2439,Mexican
2440,Chinese
2441,Coffee & Tea
2442,American (New)
2443,Sandwiches
2444,Sandwiches
2445,American (New)
2446,Mexican
2447,Italian
2448,Sandwiches
2449,Chinese
2450,American (New)
2451,American (New)
2452,Coffee & Tea
2453,Mexican
2454,Coffee & Tea
2455,American (New)
2456,Ice Cream & Frozen Yogurt
2457,Mexican
2458,Mexican
2459,Sandwiches
2460,American (New)
2461,Coffee & Tea
2462,Coffee & Tea
2463,Sandwiches
2464,Mexican
2465,Mexican
2466,Italian
2467,Coffee & Tea
2468,American (New)
2469,Mexican
2470,Mexican
2471,Sandwiches
2472,Italian
2473,Ice Cream & Frozen Yogurt
2474,Sandwiches
2475,Chinese
2476,Italian
2477,American (New)
2478,Coffee & Tea
2479,Mexican
2480,Mexican
2481,Italian
2482,Ice Cream & Frozen Yogurt
2483,Italian
2484,Sandwiches
2485,Mexican
2486,Sandwiches
2487,Chinese
2488,Chinese
2489,Sandwiches
2490,Mexican
2491,Coffee & Tea
2492,Mexican
2493,Mexican
2494,American (New)
2495,Sandwiches
2496,American (New)
2497,American (New)
2498,Italian
2499,Mexican
2500,American (New)
2501,Ice Cream & Frozen Yogurt
2502,Chinese
2503,American (New)
2504,Ice Cream & Frozen Yogurt
2505,Mexican
2506,Coffee & Tea
2507,American (New)
2508,Ice Cream & Frozen Yogurt
2509,Chinese
2510,Chinese
2511,Coffee & Tea
2512,American (New)
2513,Mexican
2514,American (New)
2515,Coffee & Tea
2516,Mexican
2517,Coffee & Tea
2518,Mexican
2519,Chinese
2520,American (New)
2521,Mexican
2522,Coffee & Tea
2523,Italian
2524,American (New)
2525,Mexican
2526,Italian
2527,Mexican
2528,Chinese
2529,Mexican
2530,Coffee & Tea
2531,Italian
2532,Mexican
2533,Mexican
2534,American (New)
2535,Chinese
2536,Coffee & Tea
2537,Sandwiches
2538,Mexican
2539,American (New)
2540,Italian
2541,Mexican
2542,Chinese
2543,Chinese
2544,Chinese
2545,Mexican
2546,Coffee & Tea
2547,American (New)
2548,Italian
2549,Chinese
2550,Mexican
2551,American (New)
2552,Mexican
2553,Sandwiches
2554,Coffee & Tea
2555,Mexican
2556,Sandwiches
2557,Chinese
2558,Italian
2559,Chinese
2560,American (New)
2561,Mexican
2562,American (New)
2563,Mexican
2564,Italian
2565,Coffee & Tea
2566,American (New)
2567,Chinese
2568,American (New)
2569,Mexican
2570,Coffee & Tea
2571,Coffee & Tea
2572,Ice Cream & Frozen Yogurt
2573,Sandwiches
2574,Chinese
2575,Italian
2576,Chinese
2577,Chinese
2578,Mexican
2579,Mexican
2580,Italian
2581,Italian
2582,Italian
2583,Italian
2584,American (New)
2585,American (New)
2586,Ice Cream & Frozen Yogurt
2587,Coffee & Tea
2588,Mexican
2589,Chinese
2590,American (New)
2591,Ice Cream & Frozen Yogurt
2592,Mexican
2593,Coffee & Tea
2594,American (New)
2595,Chinese
2596,Chinese
2597,Sandwiches
2598,Coffee & Tea
2599,Mexican
2600,Ice Cream & Frozen Yogurt
2601,Italian
2602,Sandwiches
2603,Coffee & Tea
2604,Chinese
2605,Sandwiches
2606,Mexican
2607,Mexican
2608,Sandwiches
2609,American (New)
2610,Italian
2611,American (New)
2612,American (New)
2613,American (New)
2614,Mexican
2615,American (New)
2616,Ice Cream & Frozen Yogurt
2617,Sandwiches
2618,Chinese
2619,Mexican
2620,American (New)
2621,Ice Cream & Frozen Yogurt
2622,Coffee & Tea
2623,Mexican
2624,Mexican
2625,American (New)
2626,Sandwiches
2627,Sandwiches
2628,Italian
2629,Ice Cream & Frozen Yogurt
2630,Mexican
2631,American (New)
2632,Mexican
2633,Mexican
2634,American (New)
2635,Italian
2636,Chinese
2637,Mexican
2638,Sandwiches
2639,Sandwiches
2640,Sandwiches
2641,Coffee & Tea
2642,Italian
2643,American (New)
2644,American (New)
2645,Ice Cream & Frozen Yogurt
2646,American (New)
2647,American (New)
2648,Coffee & Tea
2649,American (New)
2650,Mexican
2651,Mexican
2652,Ice Cream & Frozen Yogurt
2653,Italian
2654,Sandwiches
2655,Chinese
2656,Ice Cream & Frozen Yogurt
2657,Sandwiches
2658,American (New)
2659,Mexican
2660,American (New)
2661,Sandwiches
2662,Mexican
2663,Mexican
2664,Coffee & Tea
2665,Coffee & Tea
2666,Mexican
2667,Mexican
2668,Mexican
2669,Italian
2670,Italian
2671,Chinese
2672,Mexican
2673,Italian
2674,American (New)
2675,American (New)
2676,Mexican
2677,Chinese
2678,Coffee & Tea
2679,Italian
2680,Italian
2681,Mexican
2682,Sandwiches
2683,Coffee & Tea
2684,American (New)
2685,Ice Cream & Frozen Yogurt
2686,Sandwiches
2687,Mexican
2688,Mexican
2689,Coffee & Tea
2690,American (New)
2691,Mexican
2692,Mexican
2693,Italian
2694,Mexican
2695,Ice Cream & Frozen Yogurt
2696,Sandwiches
2697,Coffee & Tea
2698,American (New)
2699,Italian
2700,American (New)
2701,Sandwiches
2702,Sandwiches
2703,Italian
2704,American (New)
2705,Ice Cream & Frozen Yogurt
2706,Chinese
2707,Chinese
2708,Mexican
2709,Mexican
2710,Sandwiches
2711,American (New)
2712,Chinese
2713,Sandwiches
2714,Coffee & Tea
2715,American (New)
2716,American (New)
2717,Sandwiches
2718,Sandwiches
2719,Ice Cream & Frozen Yogurt
2720,Mexican
2721,Coffee & Tea
2722,Italian
2723,Mexican
2724,Chinese
2725,Mexican
2726,American (New)
2727,Coffee & Tea
2728,Coffee & Tea
2729,Italian
2730,Coffee & Tea
2731,Italian
2732,Mexican
2733,Coffee & Tea
2734,Mexican
2735,Italian
2736,Sandwiches
2737,Italian
2738,Ice Cream & Frozen Yogurt
2739,Sandwiches
2740,American (New)
2741,Mexican
2742,Sandwiches
2743,Sandwiches
2744,Sandwiches
2745,Sandwiches
2746,Mexican
2747,Mexican
2748,American (New)
2749,Mexican
2750,Mexican
2751,American (New)
2752,Mexican
2753,Ice Cream & Frozen Yogurt
2754,Italian
2755,Mexican
2756,Chinese
2757,Chinese
2758,Sandwiches
2759,Sandwiches
2760,Sandwiches
2761,American (New)
2762,American (New)
2763,Ice Cream & Frozen Yogurt
2764,Mexican
2765,Chinese
2766,Mexican
2767,American (New)
2768,Coffee & Tea
2769,Sandwiches
2770,Coffee & Tea
2771,Italian
2772,Chinese
2773,Coffee & Tea
2774,Mexican
2775,Mexican
2776,Italian
2777,American (New)
2778,Sandwiches
2779,Italian
2780,Mexican
2781,Ice Cream & Frozen Yogurt
2782,Italian
2783,Sandwiches
2784,Mexican
2785,Mexican
2786,American (New)
2787,American (New)
2788,American (New)
2789,Ice Cream & Frozen Yogurt
2790,Italian
2791,Chinese
2792,Ice Cream & Frozen Yogurt
2793,Italian
2794,Mexican
2795,Ice Cream & Frozen Yogurt
2796,Mexican
2797,Mexican
2798,American (New)
2799,Mexican
2800,Ice Cream & Frozen Yogurt
2801,American (New)
2802,Chinese
2803,American (New)
2804,Coffee & Tea
2805,Italian
2806,American (New)
2807,Mexican
2808,American (New)
2809,Mexican
2810,Mexican
2811,Sandwiches
2812,Coffee & Tea
2813,Mexican
2814,American (New)
2815,Coffee & Tea
2816,Mexican
2817,Italian
2818,Italian
2819,Italian
2820,American (New)
2821,Mexican
2822,Chinese
2823,Italian
2824,Coffee & Tea
2825,Coffee & Tea
2826,American (New)
2827,American (New)
2828,Ice Cream & Frozen Yogurt
2829,Mexican
2830,Sandwiches
2831,Mexican
2832,Mexican
2833,Sandwiches
2834,Mexican
2835,Chinese
2836,Italian
2837,Chinese
2838,American (New)
2839,Mexican
2840,Mexican
2841,Sandwiches
2842,Mexican
2843,Chinese
2844,Chinese
2845,Mexican
2846,American (New)
2847,Mexican
2848,Chinese
2849,Mexican
2850,Ice Cream & Frozen Yogurt
2851,Mexican
2852,Chinese
2853,Mexican
2854,Mexican
2855,Ice Cream & Frozen Yogurt
2856,Sandwiches
2857,Chinese
2858,Coffee & Tea
2859,American (New)
2860,Ice Cream & Frozen Yogurt
2861,Coffee & Tea
2862,Mexican
2863,American (New)
2864,Sandwiches
2865,American (New)
2866,Italian
2867,Mexican
2868,Ice Cream & Frozen Yogurt
2869,Sandwiches
2870,Coffee & Tea
2871,American (New)
2872,Coffee & Tea
2873,Mexican
2874,Ice Cream & Frozen Yogurt
2875,Ice Cream & Frozen Yogurt
2876,Mexican
2877,American (New)
2878,Chinese
2879,Chinese
2880,Coffee & Tea
2881,Mexican
2882,Coffee & Tea
2883,Mexican
2884,Sandwiches
2885,Italian
2886,Sandwiches
2887,Mexican
2888,Sandwiches
2889,American (New)
2890,Mexican
2891,Italian
2892,Sandwiches
2893,Mexican
2894,American (New)
2895,Chinese
2896,Italian
2897,American (New)
2898,Italian
2899,Italian
2900,Mexican
2901,Ice Cream & Frozen Yogurt
2902,Chinese
2903,Sandwiches
2904,Sandwiches
2905,Sandwiches
2906,Coffee & Tea
2907,Chinese
2908,American (New)
2909,Coffee & Tea
2910,Mexican
2911,Ice Cream & Frozen Yogurt
2912,Italian
2913,Italian
2914,Mexican
2915,Italian
2916,Italian
2917,Italian
2918,Chinese
2919,Chinese
2920,Chinese
2921,Mexican
2922,Ice Cream & Frozen Yogurt
2923,Mexican
2924,American (New)
2925,Sandwiches
2926,Coffee & Tea
2927,Mexican
2928,American (New)
2929,Coffee & Tea
2930,American (New)
2931,Italian
2932,Mexican
2933,American (New)
2934,American (New)
2935,Coffee & Tea
2936,Sandwiches
2937,American (New)
2938,Mexican
2939,Mexican
2940,Italian
2941,Sandwiches
2942,Ice Cream & Frozen Yogurt
2943,Coffee & Tea
2944,American (New)
2945,Ice Cream & Frozen Yogurt
2946,Mexican
2947,Mexican
2948,Sandwiches
2949,American (New)
2950,Mexican
2951,American (New)
2952,Coffee & Tea
2953,Chinese
2954,Mexican
2955,American (New)
2956,Sandwiches
2957,Sandwiches
2958,Mexican
2959,Italian
2960,Sandwiches
2961,Ice Cream & Frozen Yogurt
2962,Chinese
2963,Chinese
2964,Italian
2965,American (New)
2966,Italian
2967,Ice Cream & Frozen Yogurt
2968,Coffee & Tea
2969,Sandwiches
2970,Sandwiches
2971,Sandwiches
2972,Italian
2973,Chinese
2974,American (New)
2975,Italian
2976,American (New)
2977,Coffee & Tea
2978,American (New)
2979,Chinese
2980,Coffee & Tea
2981,Sandwiches
2982,Mexican
2983,Sandwiches
2984,Sandwiches
2985,American (New)
2986,Chinese
2987,American (New)
2988,Italian
2989,Italian
2990,Mexican
2991,American (New)
2992,Ice Cream & Frozen Yogurt
2993,American (New)
2994,Mexican
2995,American (New)
2996,American (New)
2997,Chinese
2998,Italian
2999,Coffee & Tea
3000,American (New)
3001,Sandwiches
3002,Sandwiches
3003,Sandwiches
3004,Chinese
3005,Mexican
3006,Coffee & Tea
3007,Chinese
3008,Italian
3009,Italian
3010,Sandwiches
3011,Coffee & Tea
3012,Mexican
3013,Coffee & Tea
3014,Sandwiches
3015,Italian
3016,Italian
3017,Mexican
3018,Mexican
3019,Mexican
3020,Mexican
3021,Italian
3022,Coffee & Tea
3023,Mexican
3024,American (New)
3025,Chinese
3026,Chinese
3027,Mexican
3028,Chinese
3029,American (New)
3030,Mexican
3031,Italian
3032,Mexican
3033,Sandwiches
3034,Sandwiches
3035,American (New)
3036,American (New)
3037,Mexican
3038,Mexican
3039,American (New)
3040,Mexican
3041,Italian
3042,Mexican
3043,Sandwiches
3044,Italian
3045,Italian
3046,Ice Cream & Frozen Yogurt
3047,Coffee & Tea
3048,Mexican
3049,Chinese
3050,American (New)
3051,Italian
3052,Sandwiches
3053,Sandwiches
3054,Coffee & Tea
3055,American (New)
3056,Sandwiches
3057,Mexican
3058,Chinese
3059,Ice Cream & Frozen Yogurt
3060,Coffee & Tea
3061,Sandwiches
3062,Mexican
3063,Coffee & Tea
3064,Mexican
3065,American (New)
3066,Sandwiches
3067,American (New)
3068,Sandwiches
3069,American (New)
3070,Coffee & Tea
3071,Mexican
3072,Sandwiches
3073,American (New)
3074,Italian
3075,American (New)
3076,Mexican
3077,Coffee & Tea
3078,Chinese
3079,Mexican
3080,Sandwiches
3081,Italian
3082,Mexican
3083,Mexican
3084,Mexican
3085,Mexican
3086,Chinese
3087,Mexican
3088,Sandwiches
3089,Coffee & Tea
3090,Coffee & Tea
3091,Chinese
3092,Coffee & Tea
3093,American (New)
3094,Mexican
3095,Italian
3096,Coffee & Tea
3097,Coffee & Tea
3098,Mexican
3099,Chinese
3100,Chinese
3101,Italian
3102,Sandwiches
3103,Coffee & Tea
3104,Ice Cream & Frozen Yogurt
3105,Coffee & Tea
3106,Italian
3107,Ice Cream & Frozen Yogurt
3108,Mexican
3109,Chinese
3110,Chinese
3111,American (New)
3112,Italian
3113,Mexican
3114,Italian
3115,Coffee & Tea
3116,Coffee & Tea
3117,Mexican
3118,Italian
3119,Coffee & Tea
3120,American (New)
3121,American (New)
3122,American (New)
3123,Mexican
3124,Mexican
3125,Mexican
3126,American (New)
3127,Mexican
3128,Ice Cream & Frozen Yogurt
3129,Chinese
3130,Coffee & Tea
3131,Sandwiches
3132,American (New)
3133,American (New)
3134,Sandwiches
3135,Italian
3136,Mexican
3137,Ice Cream & Frozen Yogurt
3138,Mexican
3139,Mexican
3140,American (New)
3141,Mexican
3142,Mexican
3143,Ice Cream & Frozen Yogurt
3144,Sandwiches
3145,Coffee & Tea
3146,Italian
3147,Ice Cream & Frozen Yogurt
3148,Mexican
3149,Coffee & Tea
3150,American (New)
3151,American (New)
3152,Coffee & Tea
3153,Italian
3154,Chinese
3155,Coffee & Tea
3156,American (New)
3157,Mexican
3158,Mexican
3159,Italian
3160,Coffee & Tea
3161,American (New)
3162,Ice Cream & Frozen Yogurt
3163,Chinese
3164,Ice Cream & Frozen Yogurt
3165,Mexican
3166,Mexican
3167,Mexican
3168,Coffee & Tea
3169,Coffee & Tea
3170,Sandwiches
3171,Mexican
3172,Coffee & Tea
3173,Sandwiches
3174,Sandwiches
3175,Mexican
3176,Sandwiches
3177,Chinese
3178,Coffee & Tea
3179,Mexican
3180,Sandwiches
3181,Mexican
3182,Mexican
3183,Sandwiches
3184,Mexican
3185,American (New)
3186,American (New)
3187,American (New)
3188,Mexican
3189,Coffee & Tea
3190,Mexican
3191,Sandwiches
3192,Mexican
3193,American (New)
3194,Ice Cream & Frozen Yogurt
3195,Chinese
3196,Mexican
3197,Mexican
3198,Italian
3199,Chinese
3200,Mexican
3201,Ice Cream & Frozen Yogurt
3202,Italian
3203,American (New)
3204,Chinese
3205,Mexican
3206,Chinese
3207,Italian
3208,Sandwiches
3209,Mexican
3210,Italian
3211,American (New)
3212,American (New)
3213,Coffee & Tea
3214,American (New)
3215,Italian
3216,Mexican
3217,Italian
3218,Mexican
3219,Mexican
3220,American (New)
3221,Italian
3222,Italian
3223,Sandwiches
3224,Ice Cream & Frozen Yogurt
3225,Chinese
3226,American (New)
3227,Sandwiches
3228,Mexican
3229,Italian
3230,Italian
3231,Italian
3232,American (New)
3233,American (New)
3234,Italian
3235,Mexican
3236,Mexican
3237,Sandwiches
3238,Sandwiches
3239,American (New)
3240,Ice Cream & Frozen Yogurt
3241,Italian
3242,Sandwiches
3243,Mexican
3244,Sandwiches
3245,Ice Cream & Frozen Yogurt
3246,Italian
3247,American (New)
3248,Chinese
3249,Mexican
3250,Mexican
3251,Chinese
3252,Mexican
3253,Chinese
3254,Chinese
3255,Chinese
3256,Italian
3257,American (New)
3258,American (New)
3259,Sandwiches
3260,American (New)
3261,Sandwiches
3262,American (New)
3263,Italian
3264,Sandwiches
3265,Mexican
3266,Italian
3267,Coffee & Tea
3268,Coffee & Tea
3269,Coffee & Tea
3270,Italian
3271,Coffee & Tea
3272,Mexican
3273,Chinese
3274,Sandwiches
3275,Italian
3276,Mexican
3277,Italian
3278,American (New)
3279,American (New)
3280,Italian
3281,Coffee & Tea
3282,Sandwiches
3283,Mexican
3284,American (New)
3285,Italian
3286,Italian
3287,Mexican
3288,Chinese
3289,Italian
3290,Coffee & Tea
3291,Sandwiches
3292,Coffee & Tea
3293,American (New)
3294,Mexican
3295,Coffee & Tea
3296,Italian
3297,Italian
3298,Sandwiches
3299,American (New)
3300,Sandwiches
3301,Mexican
3302,American (New)
3303,Chinese
3304,American (New)
3305,Coffee & Tea
3306,American (New)
3307,American (New)
3308,Ice Cream & Frozen Yogurt
3309,Mexican
3310,Coffee & Tea
3311,Ice Cream & Frozen Yogurt
3312,American (New)
3313,Mexican
3314,Mexican
3315,Chinese
3316,Ice Cream & Frozen Yogurt
